title,price,rating,reviews,discount,brand,product_url
"realme NARZO 80 Pro 5G (Speed Silver,8GB+128GB) | Segment's 1st MediaTek Dimensity 7400 Chipset | 6000mAh Titan Battery + 80W Ultra Charge | 4500nits HyperGlow Esports Display | IP69 Waterproof",17999.0,4.3,2035,25.0,realme,https://www.amazon.in/realme-Segments-Dimensity-HyperGlow-Waterproof/dp/B0F1DBWL8D/ref=sr_1_21
Slide and Learn Multiplication Book for Kids | Interactive Pull Tab Activity | Colorful Times Tables 1 to 10 | Math Practice Book | Fun Learning for Early Education,849.0,4.8,5,58.0,,https://aax-eu-zaz.amazon.in/x/c/JN2dfIKDHn50PFEWaMd7pn0AAAGcakOuSAoAAAH2AQBvbm9fdHhuX2JpZDIgICBvbm9fdHhuX2ltcDEgICA3P6tA/clv1c_ek-wBPHTLcbWrnMRtu5T6FwLsE0LeOScssLDcyLCm7Q5-dWTElZiAJqGshxeQxN2fUU273PJszcwUIPnuqFRiyO5UYWmGr__QBqoIiMdGUYmTQkKiGqhUG8vzrGkpnAy3czB6XiJwyd2pq3zpR5_55M4EJydnDXKk8VEjbOq345LmcrenpowyNumspufUzNvm-vCSLtWIYXO1MLph5FQc-z1DFelDky8HshicQXKgHMGg7iDf-R786TwMmvMlvHatr9o28l62T62yPd-NAkE1dFkSP45BuPL-uPhlrq72lDNDJZBMdTaPMNemAG68W2d-UUqEahHjZABH2-DjVctyEfn8zTsK1jqXYM5iS6DlxGEZF_337ShH0-3Dm71CVTQIpT-7GzQ0-IHW33FZLBJgIuinW9bqCRdN3Y3SNeFMQC8bjWEpzX_fjvY034HIad1HHBwbmmESTrnwLO0ERi-p5tqEbq6MJrYZoyp18ILo52BekZS3UhzQDwSviCueZJ4GFfYAuz5NdpYlgUttvBOqTLBdimjSezOFQ1lOGKACOlIN-2K-y8lKCcukKSlo0Os9UDIrxfSlnUNra2jR5iESf3x7ZpE5YIi6afBwc_CkEwkuWLkiigKgNjAg-Ummwp_fNdPZASXSXAaybDur5E58gACLIpRFZPfpV2aGAx_nXokSedGxNDmcFkuuxfCSk0VpZOXj6xb-pjhqCaKbEp69bul0ZbfTQEe8Q32QJBq6E6wU7y6YTdpBkQFRC7bZDnvh1WAB9AxUUq1paYK74hZdRPPR2bKSNLR1ULMjDuSmFSProPCsrnuZAG1BmHKe0PgxCGCwISYwoTo0MNtN_77fS2B7nljsk7HXQjrUPUudzC8pADW0RQEy4DWtGh3FpgJ8qfatsfkKGSbC3yjlRxSs0nw8Agjp3lxfHLPafFBwPSl5guQo4KTHEQ2mEFPAiSB_fWsOfIqCXe44i1d6_ta65eQ8BoO9DTA_RTVedlcFo6fY5iz0s4iIYmU3evRLhA6gk0fIwRvuO9UNGm3aN26CocsiIR-afs845mSMFxvS5wgzjqcQ50xZ5itL8sTlbrdOnX4ww_4eLVSN2aBOwDPxG33lsJ-Imm1rB4NxVMEmYLIVTDzZglCxTVHfMh-Bk4epCkzw8K73PNXktvj2VY6hBLv75-d44waPuofC5xio3VT1bXwj5MQciKj_DuHF-1TnYPsha21nLvjpIUaFCdw65YkXO38b-cEXhy8LmjHUu6ZKWNwAWFPYrowz22_IWKOa5CFhou5uB-S5l0k76TC9wt8Oqd5BLkuTdRe_3KwwAO6IjXQxD04kfFeFfojbs3a3v_hH-4lGygMIKBJghNicg9eorh0-rspEK54RnxTQPIK0HXjz_pBCkXNXPr2gXKD8TKZkeId9KRg5ifT2Jn_r4VVIRiqa6GePygjwe8fKmhIxM4Kglvu_q7UtZUYlFkl4tJunFzwzF12RZAZbGE4nVCb25Ey53NRdTH6bCDkP_rbULVnLkrG-Q5owySUpGRblDbTLaRXu-IDG0OpcrjXByVWXKYLm98MMrvz967PAbrN4li0lfsybZ3VjbuxuqanDmGyOsp7tfuKiCF-PBlu2GD3sBQbTlxeGg4lTeTJuIcA0cwnipR6lYzdBiLhgXGo45nUt4T6aAlkMajAexB0sShxuCpRZFs/https://www.amazon.in/Multiplication-Interactive-Activity-Colorful-Education/dp/B0G26V17NK/ref=sxbs_sbv_search_btf
"Swee10 Natural Stevia Sweetener Pouch 300g | Sugar Free | Plant Based | Zero Calorie Sugar Substitute | No Maltodextrin, No Aspartame | No Bitter After Taste | Zero Calories | Diabetic & Keto Friendly",489.0,4.2,351,5.0,Swee10,https://aax-eu-zaz.amazon.in/x/c/JOoWsqkBUZaHsrvEhSgkTiAAAAGcakN-YQoAAAH2AQBvbm9fdHhuX2JpZDMgICBvbm9fdHhuX2ltcDIgICDANyDD/clv1c_ek-wBIf3FbbazjI3kId3r1eKTDKRmJFcJxWId3LMz5_jsSpjJEsluEcJZAmIiPrDvZZ-b07B90qaqKQfhRCeUWBUfyYo1-G6oEHnAi0Ry8MqjSAtKaP6eBiE19m1ompFPyizzkLunr4RAJ4mlFopM6OYBJW8lVz6wkTwlXerw4EXDat830YsqhAKlsnBO3evnbQj-XmomQ7D85zFZ6lyUmuW1nstEVfOgJrD7I-HsRzfTFtps9Ww5pUreUSX3u_nEaLs5-p684z-uO-kkN298h9ih8Zxptf_2_wA03rjCyvevYzfOe8R4KPCCc6o96uxHxCKAdQBEH93ZbmQHv8D26zIYElzi5G3Jnq80dAdINdCia4VU2SlkffEX9c3BqlEV2-ioWjxkQlOu9Ys_OMc-GFfOzSFCM6hfN4HoGGHkhjGYDTLVtVFhT9lk4ucAhWddLZMH4b9v14Xrei85TQX-cIzd31tvE3MkF93eCkiamQQswU51FTfFp0noQUxM3YnciBnV3SfzZg66v7XdZODiyLprvV_aSxk7XiBJ-IRp287tmh4-B5SnVEQMKXnv8O883Yd6EOYGhWRej_0vi4gCNn1FPblPRF2WuAYu_Ed8L184p0Q4HnCuUojHnqaBs29YMMNo4h44YIK3ES3fxqDv_z0pBtegsjLKvDRdQK8w3Cl9yeAzJalNduYUW7nYlUbkKdOIuwsyXyclBq4ygp92jtgpq0_mRx84d7TNcStFs3LwTyxbs2x_ZV079NtCOa4f5yKEUm6o0lEDchoXfS0n9Sd4r_KrCdUu4BADTjlHFcwEUNKKokfVHYhleSpjC-PVpNUrVPZucwfVmL78LnfwEnJqCJCuvuG-lxrkB0WuWaDAHXVBJihbuELXkrEJ8m1-F5UYR7i5_11AsY2uYPOdUGenNEkp0UwSo1b8KdHkleAQASQxDe1esE2jRexQs9VlN89tNW0pfL8VkXiFV70eUFM5S6KBgMwV4f9Bc2GlYEMe9IddIHKge2Q4Bx4Asb4lg6eV3s6wbpcJQTbmAdotq-BGeM5sHzWrqjTC-Fy0JtS-GSh6TRWjMGkw1NuGe9t6EJD_ZpT5OxHSoP4sQKgxpjSda2y2vWWebWpOyQbjU-7sfhKZrIGL_OkCCxHhqoBno7TQBopzEYTjgdZi5Kh7Z2vBkkVSCavu2OskCbcgEDhmY3jApTQ-UBZXzUwOQFAzlEQQkVzrG9migaFLgw6bXlmBXziXctpoLlYMSB8tXU6bFbHBTzBLLmPtHj15Pr5h8AvpB-kddtrxWc2VgTW9HlydVkHZqrtBltvXQ36GdfHRbplVyq14M0sjDC1YYr7ZlRshJkCPqp3G-ctsR4erb4msMKomLx1duXt19vYM4Xqv4DElezxtatZBQNsdl7LDECASX83k98JVfTrRbZBwc-Xa6lEE2H7RvILGsbTVRZZSqfgLrRKBK1bAnf0Lmuv505UCg3NcDa7d5QycTdMKJzO99lCcm3KzdmGfEmg_djsMQqYNppyDXcdq9qUfi00JpMKEVFU6VWqoQNPoKj9pxb1zpca1URlhP-79hWfaj7KEV-DNpdo-IC-v-vjoGxqh7MMquw0dHOj8vpDnWlP1S_buACFpZK5a4HtzB17kigc0oqZ8-VDLxaHmEf_Oepm8btGU_RSQR6JaJpbhb4_3c04F683Bz553ebtRwanpT-4E7I/https://www.amazon.in/Swee10-Natural-Sweetener-Non-GMO-Substitute-200g-Refill/dp/B0CJVFG5T3/ref=sxbs_sbv_search_btf
"realme NARZO 90 5G (Carbon Black,6GB+128GB) | 7000mAh Biggest Battery | 60W Fastest Charging | 50MP Front & Rear AI Cameras | 4000nits Brightest Display | AI Assist | IP69 Dust & Water Resistance",16999.0,4.2,267,11.0,realme,https://www.amazon.in/realme-Charging-4000nits-Brightest-Resistance/dp/B0G4B8957C/ref=sr_1_15
"Lava Blaze AMOLED 2 5G (Sparkling Black, 6 GB RAM, 128 GB Storage) | 6.67"" FHD+ AMOLED Display | MTK D7060 Processor | 50 MP Front Camera | LPDDR5 UFS 3.1 ROM | 5000 mAh | 33W Fast Charging",12999.0,4.2,75,19.0,Lava,https://www.amazon.in/Lava-Blaze-AMOLED-Sparkling-Black/dp/B0FH5D6VW9/ref=sr_1_29
"vivo Y100A 5G (Pacific Blue, 8GB RAM, 128GB Storage) with No Cost EMI/Additional Exchange Offers",17998.0,4.0,125,40.0,vivo,https://www.amazon.in/Pacific-Storage-Additional-Exchange-Offers/dp/B07WDKLH2V/ref=sr_1_36
"Oppo A79 5G (Mystery Black, 8GB RAM, 128GB Storage) | 5000 mAh Battery with 33W SUPERVOOC Charger | 50MP AI Rear Camera | 6.72"" FHD+ 90Hz Display | with No Cost EMI/Additional Exchange Offers",16290.0,4.2,612,29.0,OPPO,https://www.amazon.in/Oppo-Mystery-SUPERVOOC-Additional-Exchange/dp/B0CL53S126/ref=sr_1_25
Slide and Learn Multiplication Book for Kids | Interactive Pull Tab Activity | Colorful Times Tables 1 to 10 | Math Practice Book | Fun Learning for Early Education,849.0,4.8,5,58.0,,https://aax-eu-zaz.amazon.in/x/c/JJuwtdD0u_QDuuWEI0NHtlUAAAGcakNZ9woAAAH2AQBvbm9fdHhuX2JpZDIgICBvbm9fdHhuX2ltcDIgICDBSyzN/clv1c_ek-wBPHXbcbWXixXZLvfbmIzcdQ5IJcEmE107Yc_EZ9Y3t-L2bYHWuR3wMsGKGV23_KLrIIVWOvkiZrlmjKenSHy3rBy0oHzDBv8S2BRvwkVDyCtQkAJZoxi5-hehhJzUdpaM0FEwnSSW3fQZ58A9fV8YF6WrkUqks7o1D6WwCbO2OkbA4rqaP0F5ISyxKnvvtu-NZ3inBPirfxt1nrh82FWS0tyAV-72a1Wj37KCiKvijiof24iEKySEmPMlqH61r9om8l-WXZerru09n6S7jKALGSCPFkK-lDfsKV5Zvj3Kz9-TSj6fdZZkSg503NemN3RX4g6sP3AsaBSvOU1pdnS22qEGw1urkal0ejxQjYRpx3f601bwEKDDxWw5xN-faup5lOFclQPRFYMh8N3E_vvc6gqN3HIULu4gdpQ5FdXumqlTVtb8v0034OcunII7ih9JTPiaTWx8C7rapjRaSzkMOo9IVrGZ9qVP7s1VS6Es1YAPo1VwtbXis6rhp2qquw1WYqbrt15yWSbe1Ki1Nagn-ie19Cp5R25ulcAbDwAtRoDWOu_2_ZCiLirNPoa1965owJPmj7mRzb8gWhyBQUby8Df5fY1os7Ez1Xwwpob2t2DmnFe04dg4hnLIo2Ba1iFMdsx0udfnt21HRwEtct45aRUVf9r3zQLMxkykl339wRzWlLeo4dfkhaTMyQKeCcXmwWwlpWALcowPgC-vq1IV_y-aG_KobOIqJ_Jg0yR0B_ZgHBE8dHIpPD9qsLSOcn0ORu16KvwI3FLvNYcHw3V3M-Rc3lZzjdRWq1QrAbHX1zuC15ngrow1YMXc7bWBI9xGNjYPrvP4eNoV0Q_DVNTTfwFWQqbKUB4KHVRhgQrvsHEMsBF2OveRRNijReBH1NK0UUumwh3CbFdLCo2H7vTRuBLiPMIMQ1c2jIg5Ntsgf20sc07xn42yUHQEp-VA2Rg_sYs4Kjrma7CH2ByeW9ihGG3Pta-5g_-o6_k8Fp9aYCWS3O0QAI4bYPXjlCcXhpTAwVfuukqcqpmA9tRJTnwuAsNdYFb66mJ0JPBCViVXYo-6nvvWfbXxrvZEWazCoTZfDM4BasycKGbr1s1awM4VDRTJJJKNv2JmhjBz0lXCoDPiBDkUAIaihXkjRWJUiUXPEXUoCKxMYlJTi4NygRIgjLexD5UMaD4Qif-3v4NbUAAJ7wpQF04Zh_UaFH0OsMQ4H9vTHLVVAinyvq8whgYm7b_DQr60Jy66XbEEu2W6AYKegB8Xup1ASbZDuGWfwtXU_dnO0mI5Rz3zVSTNlvzIa3T-QU3WLi1ebrkVwVSTQn-mnVP2OF0oKFwXr7rClnDH_ivTL8QNz7OoNbwIhqDf-3yPzq34ieabRo9pY7g7yYoyM0cSkxwv9dCmISZS0tTSp-m97cEWHaoh49syyp0jg36G9RauxYlQwWhoPT29lkowpngtmb32MJOIX06o4TUQQ7Cx64wc8eIv8S3IwrUv8U1-N_XWzxEMD7xMiPbxdB5c_vkzuxJwI4ZaC3JvwyxGWJkAeZumQjVSFtaGGzcAejxWsCRzxKf-eMyJkkXrZmseDL_5K2yA4rI6XqVJ0VoUbl7BEBoQapEhKvdi3TH2eYlaPoebIS6PMYySnrR6Mi7q7gEH5EVTUr_w_BcqBiWB-M7OSPWiW2FuAQFLlwJQw/https://www.amazon.in/Multiplication-Interactive-Activity-Colorful-Education/dp/B0G26V17NK/ref=sxbs_sbv_search_btf
"realme 13 5G (Speed Green, 8GB RAM, 128GB Storage) | Expandable Upto 2TB | Up to 18GB Dynamic RAM | 50MP AI Dual Camera | 6.72"" AMOLED Display | 45W Ultra Charging | Dimensity 6300 Processor",15999.0,4.2,261,27.0,Brand: realme,https://www.amazon.in/realme-Expandable-Charging-Dimensity-Processor/dp/B0DFNMB4Z3/ref=sr_1_24
"realme 15 Lite Smartphone 8+128GB Green, 6.67-inch Screen, 120Hz Display, 80W SuperVOOC, 5000mAh Battery, 50MP Camera, Dimensity 7300 Energy, IP65.",17999.0,4.5,609,,realme,https://www.amazon.in/realme-Smartphone-6-67-inch-SuperVOOC-Dimensity/dp/B0GHQQ68RK/ref=sr_1_36
"Samsung Galaxy M35 5G (DayBreak Blue,8GB RAM,128GB Storage)| Corning Gorilla Glass Victus+| AnTuTu Score 595K+| Vapour Cooling Chamber| 6000mAh Battery| 120Hz Super AMOLED Display| AI| Without Charger",17499.0,4.2,16854,,Samsung,https://www.amazon.in/Samsung-Daybreak-Storage-Corning-Gorilla/dp/B0D7Z8FJZ9/ref=sr_1_38
realme 14 Pro 5G Smartphone 6.77 Inch FHD+ Diaplay 120Hz Dimensity 7300 4nm Chip 8GB RAM 128GB ROM Android 15 45W Fast Charge Dual SIM Support NFC Fingerprint GPS WiFi (White),23499.0,,0,16.0,realme,https://www.amazon.in/realme-Smartphone-Diaplay-Dimensity-Fingerprint/dp/B0FK2JT1P9/ref=sr_1_14
"realme NARZO 90x 5G (Maroon Red,6GB+128GB) | 7000mAh + 60W Biggest Battery & Fastest Charging in The Segment* | 144Hz Bright Display | Sony 50MP AI Rear Camera | AI Assist | 400% Ultra Boom Speaker",15499.0,4.3,454,9.0,realme,https://www.amazon.in/realme-7000mAh-Biggest-Battery-Charging/dp/B0GK8334CK/ref=sr_1_13
"realme NARZO 80 Pro 5G (Speed Silver,8GB+128GB) | Segment's 1st MediaTek Dimensity 7400 Chipset | 6000mAh Titan Battery + 80W Ultra Charge | 4500nits HyperGlow Esports Display | IP69 Waterproof",17999.0,4.3,2035,25.0,realme,https://www.amazon.in/realme-Segments-Dimensity-HyperGlow-Waterproof/dp/B0F1DBWL8D/ref=sr_1_20
"Redmi Note 9 Pro (Glacier White, 4GB RAM, 64GB Storage) - Latest 8nm Snapdragon 720G &Alexa Hands-Free Capable",13999.0,4.2,137328,18.0,Redmi,https://www.amazon.in/Redmi-Note-Pro-Glacier-Storage/dp/B0784D862L/ref=sr_1_26
Slide and Learn Multiplication Book for Kids | Interactive Pull Tab Activity | Colorful Times Tables 1 to 10 | Math Practice Book | Fun Learning for Early Education,849.0,4.8,5,58.0,,https://aax-eu-zaz.amazon.in/x/c/JBbeQo88kWXonhOChAq_yFYAAAGcakPGZAoAAAH2AQBvbm9fdHhuX2JpZDMgICBvbm9fdHhuX2ltcDIgICCDlip-/clv1c_ek-IBPHXbcbWXixXZLvfbmIzcdQ5IJeEmImcrYkB19r5pz_eL_H6xcuo6hgpKWXWY0w-uAW03zVFwPkCpc9qKx4rYHmG79fPzRq2RA1TYdG5mlfzy3nRXIs41epW0jLxUxI2He1PzR5ymhH0eZzF62f-Fsw01lXppmRwmqdrD4QVTCMFLmFIClhBruqlEFKpyKyOdY8AMDu8JVRddS6D83wdWHsVNsaevITPRMlbxjgysz4M76JUQzHagiw1Eh-fsLNsp_W5IbIVkGn8lOT2gBCPSL6tKktFGVqfuRwLMt6VBu_78zeRQ6fgtHifXSsKZXArP7vkNabbrYF_VHoakDX1xcelxE2DDhxddmaALo4jhTI3XA5g-v8ZX24xsJedt2gVKBcfFRqebAaKfEgsWKPhGihIM-u337-DVjZ8aYLW7IPCdnquYhJfL9-cjft1GkCwb2mESTrnwLK4kRi4pkx1ge9Mlf9YpYyZ18L1oJ0FBav9Uhid__2PhDcgWACdNgLzCmzCMUSIv43Mu1kGyWUEVGpv1G2l7-fBcytxnyRUsSGVVs0x-sYTSuD6kwkYto3PCFo5sDj72g-_12qj1WjODpJzbKbc2I23U2y5VLubV6AuFSCavjqMYOEDSPfYpgssuZkY-S-khSQGj62-Kh5_2pUw6N8QosFTqR-GA95_XTNrbvlu3P1K1jkr2wS6_5GesFZUvGy-DS7gUQ0-a0YANk6v6Rzh7-95QJZK6K6wU16aZhdpTls54XcNgZZw3EQHynj4DLTQABrUAmn1R-3qmfoW9elKit1pVcbWh8GsXVyutYm6rxgfQk7W80a0wZXYIFJp1Iy6UliQEogf30_mrmHylYc-APAhAki0NqikFYyc7JifIPic8UuhV7EGAiIAVKUZQoUF50B32BcwUOLRVgOVpkPmTPT0h1ZRiVTWxBxk2RLzM5BRyWGyiY8ZkHV6NYWID0fOUS2FsdGe0z2CAGtEg18y-Hr8fNCNHOPs5xcSzcIjVX5aoHRUxTDRQI_qYpkzHmx6pDG6lKcv3ua7Xv-Dr9-x3KvA9w2PhG3oOTiJYlTuFR9mUalh9cHhGOh9Ji1nZc9bZcKYSsH7Vq8DfjUXUWHfacNmZF9whAtIgDrZb0ctHgDtxvMIORN2_KZeCFef2RRWIYsg8BmpBewgKjgqvjkEcHyd5ZwiT7ehI0z8M4CX-TlzLW4ACY2FWHb_Hj0wlCzQB80DiSCd_x9Kij9HlIi2DaamxbUm8o9GK4SbMEzDfpdyuvKbF80rn5V4Y4yE98FewYH9Yyv6wOUFUcQuAqU_fW5pnLStUXVJKtVNeBBRXdySzg3bKPSZHGjFD7bStD6Vg4pMk9LQ_JPqTNUqTU43k9WiGXH4SKqGnomCFUA4nWemAK0jvLW7SzdVVK4p5JnDlZQOE0q8pialjGyNWMHOVgPmC3bBRoKD75j-lhhCQRqE_oCmDsluwdAJhuY6X5VAYE-vs31jFb3D-iXuY6uxLBBuSkM0ohrJe616ddoxpeeZ66_8Jriz_D4vzNMEcjPsWTTSo_1T54Z7Dts5SJmDxGhBzXOK4iVy0BfErRcmrTAFOX_TfJHD6s5ntq9TdbGz5mYD8C10s_n1eDmbB2-JmD9fodLiCFtInMcP9qwep0PHMfwxjKuJaSbF4hoHmDv_zUO4ns57hbE/https://www.amazon.in/Multiplication-Interactive-Activity-Colorful-Education/dp/B0G26V17NK/ref=sxbs_sbv_search_btf
"REDMI Note 15 5G (Mist Purple, 8GB RAM 256GB Storage) | 108MP OIS Camera | Snapdragon 6 Gen 3 | 17.2cm Tough Curved AMOLED Screen | Segment’s Slimmest Phone | 5520mAh Si/C Battery | 45W Fast Charging",24999.0,4.2,298,14.0,Redmi,https://www.amazon.in/Storage-Snapdragon-Segments-Slimmest-Charging/dp/B0G5G2KMQN/ref=sr_1_22
"iQOO Z9 5G (Graphene Blue, 8GB RAM, 256GB Storage) | Dimensity 7200 5G Processor | Sony IMX882 OIS Camera | 120Hz AMOLED with 1800 nits Local Peak Brightness | 44W Charger in The Box",19499.0,4.3,6387,,iQOO,https://www.amazon.in/iQOO-Graphene-Dimensity-Processor-Brightness/dp/B07WHQLX7G/ref=sr_1_33
"realme 15X 5G Smartphone 8+256GB Marine Blue, 6.8-inch Screen, 144Hz Display,7000mAh Battery, 60W Fast Charging, 50+50MP AI Camera,Dimensity 6300 6nm Octa-core chipset Processor, IP69",21999.0,4.2,188,,realme,https://www.amazon.in/realme-15X-Smartphone-Dimensity-Octa-core/dp/B0FR9RVFL1/ref=sr_1_17
"Redmi A4 5G (Starry Black, 6GB RAM, 128GB Storage) | Segment Largest 6.88in 120Hz | 50MP Dual Camera | 18W Fast Charging | Charger in The Box",10999.0,4.0,12168,15.0,Redmi,https://www.amazon.in/Redmi-A4-5G-Storage-Charging/dp/B0FBRM15FH/ref=sr_1_9
"Swee10 Natural Stevia Sweetener Pouch 300g | Sugar Free | Plant Based | Zero Calorie Sugar Substitute | No Maltodextrin, No Aspartame | No Bitter After Taste | Zero Calories | Diabetic & Keto Friendly",489.0,4.2,351,5.0,Swee10,https://aax-eu-zaz.amazon.in/x/c/JM4nfLDK7OJyzJO-vHtQ0nMAAAGcakNCAgoAAAH2AQBvbm9fdHhuX2JpZDEgICBvbm9fdHhuX2ltcDIgICCrPfiK/clv1c_ek-YBPHXUsbWHn2mJtYb8xPAyU13fwsZ4fwqrmf_tgGnybdAcFrAOWwr5V2gjQ0NQkY9qqVT6vKHbf97wypy-G11nzZoC6aoaHLzvAEQqmAuqpX6NKfyfiGUVdk3oWp9f8jfC_9Asg-dlJjheeIcv2c-Jtu2NpXql8yQ4j2ulMZ9W2oeOPRzfpu8qqdO8t_y16HIV3EBqyMgxYS8MgVD8F6XTsk2DsZefIp6ef_vX9xdtAZ6ox-81wPNHOhcszeyWq4_QlohvEmZ3H2oyut_P9vnaPDsqvYW5CdE1HE312Y8g5uRNrdzZ7h1EK0hSdsiamU6O70xYWQujzXZyM5GfzhTcuUz-b12YgsyliPj8sclXjSy1HPj8BUSzJIBNI1BDrFh441q92OHu9Oa6381WZJYl3V8IpfC2tnPVJ8M7K_hGUQz015dhRFr9vsXlVL7YtR8SKt0wy-4OUkUlg9LfdG4OrIpHU7sy__MPIcVOlHsPWNZspGYOk7Mhr6jhh2rDoD7-YD4mpj4631VLpEsHJc9juuO2ZGJE-Y3w0foVa-ntxxkWUROJZFD1mYHhmwa_Pi1dDlVKEPTUeeHqBEsmgNxwRJ-8dQrP9KwdmIa5MaPCBRgq3unlwO8K1onRKbGESAQ47Ph9cCj8P-tt3xifV6jRfZ-rS8fUDNtMcPDDnJljJbo0xL6e3_C2AeSo4lU2vEck2ZWYGdscq2JHFnYsmgYg02vQZnq8j94eMDhM1DY4a9xKBA67DM3oOaEB6STj3ucMkKLPQLNk7LonwuiF7UfhoiStmmndHtM8LojunwYXXJ-k-Ty8nFSBJU5ySP95vTuWXcCR7yKEWEmWsxf7B1pdYftxBu6EyEVT28xeZNujDU64MuPUw9PBv2ZR5vLTNJafXPfleKWNDhxjxzxwCpBNewn9KzoSoUJ0GDYlY_m0UGOaG4P5xOiNP6u2Px01hPsCXgPJKqFKM3muv5-2PxlSy43iHio0b4peI8OLdwVkyhEwq_NPx-66jHYrQDbbYMrWHlFBVNsBxhriw8VDmiiHIkUZSuMFTZTVl3-FkdIBQY3k8g-n0RnYS0ed9tHtaoQafwtZISWFvoRBCyANWxPNOfeVl_AFtCGwq6Eevm_2xqgTU9yFeps0yNsbWjjRFLjtKHrzNsSezn4L7N-hufkqJ3tvY4WXIRlbXtod-rGnbNTSS0MdQV5DkYcDB0EwFjnbjIu3OI8E98HnhE_IDlNhWufCN7GoljalmKyDzr5NPLZfp0dz-X2sGyEkK8BCFZTJIMgc8Wc_M5e3MyHJt8WE2IEdujoB0l8sRCfOiC2oUtBX04ElVsJU_Dq0NraQb6ble0B5ze0geyaH0ET1bvum96jqjVEkodTi72RUpDbF5qWAV7WijBmxs9foHkjShkEWWyXCFBT6Ab8ni6-oBopy1eJilCrUgihHdYDMW0VOihoUl5oeMfOysaR9FQKvU1P47BmFkgeJcA61IkXLbAPVe_Rb8Zxek6GTrdkaMo2OMt8Dhfa3SuuLpiwwKomKcV7gp88gMcGmEFrAy2gUfEUD_XrqP8-AtA_rC3kxslH95JaoK_lk2e26WTtszK4TIEmZLuqSu8sMDZoxK9wQZ1nvPdYw0LLbTaJY9lDVMOZSID4r0xDrCWxn2qvptiNLC9UdhTqqbf2gA/https://www.amazon.in/Swee10-Natural-Sweetener-Non-GMO-Substitute-200g-Refill/dp/B0CJVFG5T3/ref=sxbs_sbv_search_btf
"realme narzo 90 5G (Flowing Silver,8GB+128GB) | 7000mAh Biggest Battery | 60W Fastest Charging | 50MP Front & Rear AI Cameras | 4000nits Brightest Display | AI Assist | IP69 Dust & Water Resistance",18499.0,4.2,267,8.0,realme,https://www.amazon.in/realme-Charging-4000nits-Brightest-Resistance/dp/B0GKPYRHGX/ref=sr_1_23
"realme C85 5G Smartphone 6+128GB Purple, 6.8inch Screen, 144HZ Vision Display, 45W Fast Charge, 7000mAh Battery, 4+50MP Camera, MediaTek Dimensity 6300, IP69",18999.0,4.6,172,5.0,realme,https://www.amazon.in/realme-C85-Smartphone-MediaTek-Dimensity/dp/B0G2BG61WJ/ref=sr_1_10
Redmi Note 12 5G Mystique Blue 4GB RAM 128GB ROM | 1st Phone with 120Hz Super AMOLED and Snapdragon® 4 Gen 1 | 48MP AI Triple Camera,12990.0,3.7,1370,35.0,Redmi,https://www.amazon.in/Redmi-Mystique-AMOLED-Snapdragon%C2%AE-Triple/dp/B0BQ3PJJDQ/ref=sr_1_37
Slide and Learn Multiplication Book for Kids | Interactive Pull Tab Activity | Colorful Times Tables 1 to 10 | Math Practice Book | Fun Learning for Early Education,849.0,4.8,5,58.0,,https://aax-eu-zaz.amazon.in/x/c/JNSn0-VCGQiY_jvll6ZE1swAAAGcakNxsgoAAAH2AQBvbm9fdHhuX2JpZDMgICBvbm9fdHhuX2ltcDIgICCrwORs/clv1c_ek-wBHHXFcbWD32nIpcbsxPAyU1zPgtZDm_CfIzoj48P5TUeYil2abuuxE_1UJWT2IXbIAT88qVq-vnDtaE3HaBXnwn3786YCR3s7WwaJ2uUCLu7C7SN-VVIL31wtSIBdtvjGcy7ijaT3f2cSItP6Il2AA_dk1Ha8sT3TT6v8Jq_iOqfG9vrzVMwcVnADFwMXQg402h1HRrurdwtVpph82FQS0tyAV-72U1V9K9VUu3Xd0dJ4DYZbT7maKLoWhKBmkBSEm8GS_-2mErVVkS4a1Py-ytymHvzheuSy0N4dedciC8dVbrrZnITInRdFIYuhDig8Za3AKwsTCcJUIzqUrCsZLF4WfsXLaWUpqq9drr9KcFjRfprIDfT-h4Vo356S8SreWDNDW4dPKl0GrD5py7H7jhLii6XgTwKdgzDgqj-9t6nIwvo0ijUMP9tBmf2x9_BQepqyyxjGq3L8XCr5jrTvayEh0ggFTRM3-eAYx_kWmvk6l1aLnwCB_oDThvMiu6V23fxK0aIBFf_T--9rgqmKtpgrAH2GpcnerZ-4Hnq1setCle3YbOixSVCuUbv8csrCN0rjP_PJSyeTWxUo6m-9cDZpfFgwKgF_sugn4fWGgnfbwXg6sikwwQhrmZ7uBNH5OToOH4_mnenOsEThJvlLwdHmWcx6GNSZCWMlb0edPxfVcdBVbd-Hyh_8sd98FycdbxuZiwmO5fVeBrpkAuahESwx-cuNdJB9ktGT-CyJls6eNm2ZJZeYdMfpolos8p9Wcvik8QBN2GxReh-wjgZLNav5F1Rwma9Sq0nUN38Dekc5GD4SIL6joWBkezIOZ-BknyS3K74QG6ws-bGF-oahJ2nt5dLS-kID4RQT1ZeBYjOdvYCmAyzVZNijdehD4vBo1Cfif3pCbFeDOo2G9vTxb8eGS9pKE8ev0XAIowY1l0WVrcweLgtzPFZZSgbTGGM72mLm0FFwafcrgs74AR167VN-jhATylobDpOo7WtOwXQarsyarKpxe6l672kYEkzHAVfuCkydmhmxFpRNTlwuLYNK-peQWt8do1E7guGGTU-6qufdQn6t0OK9gtXJ2KOzmDVltiIDn2_kAxlZHdOQeY41w83vhVNZJY8NhJdy3Zl6xisKawYXyocc8YX_ecT7K4gTz-dxYhjHb9XLq32NNaNBrkYisUYEajxsvXp9HtXWg9OvzTPLFmrCBw80oDRNhIl8xX1zYHC7fTG8uombayoP0i11_hcukgw4bNVAVMuFkPPDi2_mZr-fAjMnGUE_xH4AayPF0-d0C5CpX6xhqhsogYixZ5_ze0YmJDOf4gOzttVf8M5WZWy3EglGPR-BhneRR0pNHltQaiwKIL-ZtGOLsyw8xtgi1KAmF4u9tAZtMaxCO0BMrHgwa4O6P-Uu4Rhfz7r90Z-UX66vyCcJ_j8QSz0Puy36nh1HNre4bHsftQ12ja99SHtseyVUa36Lbwdt5RTkEi85Lirmi1ZvdGqhfPVExwNiGld97NP-EKAr_G55hHET1p4TEfcyzEqGkCOPaGYXtn7_1Xwt0Fln6coEXX3uHxwU7kM8K0Cf07Z4Wcfe2AG8sDbRy2fZqbb2cVHTkL-CCPeZqNarWnyh1csIYJPMmLxxj2G2N_HzPQ7nl07FZzJJCKBkJchFUa7IqA7auDULpaxFvP4wLyiynzu/https://www.amazon.in/Multiplication-Interactive-Activity-Colorful-Education/dp/B0G26V17NK/ref=sxbs_sbv_search_btf
"Pova 7 Pro 5G (Geek Black, 8GB+128GB) with No Cost EMI/Additional Exchange Offers",17299.0,4.4,25,21.0,Tecno,https://www.amazon.in/Black-128GB-Additional-Exchange-Offers/dp/B0FXXR74YW/ref=sr_1_16
"realme P3 5G with 6.67″ FHD+ 120Hz AMOLED Display (8 GB RAM, 128 GB ROM) Space Silver",18999.0,4.2,60,10.0,realme,https://www.amazon.in/realme-6-67%E2%80%B3-AMOLED-Display-Silver/dp/B0F1TH6L1Q/ref=sr_1_8
"realme NARZO 70x 5G (Ice Blue, 8GB RAM,128GB Storage)|120Hz Ultra Smooth Display|Dimensity 6100+ 6nm 5G|50MP AI Camera|45W Charger in The Box",17999.0,4.2,9500,6.0,realme,https://www.amazon.in/realme-Storage-Display-Dimensity-Charger/dp/B0D3WXQN8N/ref=sr_1_34
Slide and Learn Multiplication Book for Kids | Interactive Pull Tab Activity | Colorful Times Tables 1 to 10 | Math Practice Book | Fun Learning for Early Education,849.0,4.8,5,58.0,,https://aax-eu-zaz.amazon.in/x/c/JPt0e_dJJWSXoyzzaYTm6pcAAAGcakOiXAoAAAH2AQBvbm9fdHhuX2JpZDMgICBvbm9fdHhuX2ltcDIgICBHvrGQ/clv1c_ek-wBHPXFcbWDn1nI5cbsxPAyU1zPgtZNhlP6A_jHctO8TsCLuwcw6MRpdhB-gzIwoqxJPdRZlTEzmuX72FXYbAAp1-geQZBDeruDCHp9swmyRHsLLOcAwDLQzlwtgbZ53ypZ6n6ONTCxuchyJtexrtHtLlcl1T4skTbZydKzAcRQUfFLnj4TAZCK7kNYR-dqSmtywMIng7J25BF-yCAM9hqZRI6Glvjt54bnEyeqQYqi06KK30wtoS7fhOmjg3Ax6M-sVZIpvEjzVdrfXE63PX38QHEmXvzheXFs6V5dvj3Kz-KnQ1BIB3xIsiJV9_gwG9yXJE1AKgsTKcOUMx6-wNG0tRNBIpgAq4DELk-_LP9SY33HJeHsUKs9Wy7tPtQqYXbXk5VkFIWR1bMJXa82w3XPExCk9vY6nf9XXJrtQKUbjSE574I0wG2Kh1eWFdT4ij7UFdeoegcmBwrQVnQWS4kvEdPjpfVvTTLAckGpCaQn7jsyy6Dj9CEIJkJp6UHhSgO4dWYKDeW1WVFMlGaeFG8nCie16AHcGbENRHQEUIa9I5zW9Oe5e9PvMymKFNB1yQ35dhd6WRXFczwubVDm4rI-a6txC42aaz0jWIZjIPbWPRqrqMcVvmJTyfdyAv3gdCABBKOULzSjfeX3su8MBMf5wu6DCXa6l97PBEB3KfNE9SGkKG__n0MBXLsxa7iRZ_PIvFAACLXQtWdNak4wS71gfe8_bKgHD3TcmlPf3cWZeqfCx_49FoHYnB1cqKfWEcG0n7IVeJspWzku-padXDPR27uc7kOjRsIFTmYz0QubPzPNwDjB1tQ1TPWnm5_w7V72BX5KykVUhGf8ItKnhxvbyJ8GtRX2mzdULVfVzC-BARO8BQl3wjUporMl6YOQjoAdBcYSoDc039XuAQwUHpG5UPAkjRihlhLX0y-qXI2ttG6ottaeBKuDb3NnShNWSmfDSOkP6f7vJLMmDVudVdezkDRD5OuJQohKZJXHD2QQh_IZOJeuTKHTJi7dbUfg7QVkseYnfKiJX5QUW0fJ-5FFF70Xi1ayygoUOyM87RRHts7gj_5VBcFFBfA2HJW8KdBcKJWrs1JeB8t4HZxAzgce6iQZyJyaqXVX-9MnkBzG4KPbaZ7DV4JirsGGZzw26UYEqGnakMd25M9r34iI4N_TAct8L1xcJ634J0iSfbRfVAc_tnk-rng5F3LtJf5sgiTcjq9O-x1HY_Wa7-YG2DL4c9shgjtlOxpK2ckrCHmAFBPXLFWKc1FbQT0N0CtVoJ2Y5SoMAoWOnik7N5xrU8V2mI2mEFmJmOU8jLZYZxEtGyHqKo9ek3iIaX1EG1tqsj-__jMBtG17GZQFMjoV-4DCO-wytlT2tBBuGlauZIWOcXMiI1xQCCo4YCUnfXM-ihPhtSeCz7drxn6HUqENrJN7EQBHtfhg_YM_eQqv8j29qf2_aD5l_k0NqNZpXTt3PR2PA43TA4Jr56kMOwrO9TM7L65LHWAj7wmjQeV3o2OshACBan1JUXnfwa4VF6icFBS4wmYBYLjl5zIAOPvjn-X0lgAa6VuqzbHSz3O0FZ38mZJIC4aIjSGF3gEHP_JMMpDoAXCNVMo2_KxQbdmekJETTXhwqcfRj8plVtl-G8Q-9X24ug_QobIDvDtgPEoFZfkKzBesCR2QVy7sD86ojVyWMZy/https://www.amazon.in/Multiplication-Interactive-Activity-Colorful-Education/dp/B0G26V17NK/ref=sxbs_sbv_search_btf
"realme NARZO 90x 5G (Maroon Red, 8GB+128GB) | 7000mAh + 60W Biggest Battery & Fastest Charging in The Segment* | 144Hz Bright Display | Sony 50MP AI Rear Camera | AI Assist | 400% Ultra Boom Speaker",16999.0,4.3,454,6.0,realme,https://www.amazon.in/realme-7000mAh-Biggest-Battery-Charging/dp/B0GK8NLC3K/ref=sr_1_19
"Samsung Galaxy A23 5G, Silver (6GB, 128GB Storage) with Offer",23990.0,4.0,1291,,Samsung,https://www.amazon.in/Samsung-Galaxy-Silver-128GB-Storage/dp/B0BS1673FT/ref=sr_1_35
"realme NARZO 70 Turbo 5G (Turbo Purple,6GB RAM,128GB Storage) | Segment's Fastest Dimensity 7300 Energy 5G Chipset | Motorsports Inspired Design",16968.0,4.2,5548,15.0,realme,https://www.amazon.in/realme-Segments-Dimensity-Motorsports-Inspired/dp/B0DDTZF6G1/ref=sr_1_32
"realme NARZO 90x 5G (Nitro Blue,6GB+128GB) | 7000mAh + 60W Biggest Battery & Fastest Charging in The Segment* | 144Hz Bright Display | Sony 50MP AI Rear Camera | AI Assist | 400% Ultra Boom Speaker",15499.0,4.3,454,6.0,realme,https://www.amazon.in/realme-7000mAh-Biggest-Battery-Charging/dp/B0G4BLW168/ref=sr_1_7
Slide and Learn Multiplication Book for Kids | Interactive Pull Tab Activity | Colorful Times Tables 1 to 10 | Math Practice Book | Fun Learning for Early Education,849.0,4.8,5,58.0,,https://aax-eu-zaz.amazon.in/x/c/JGt1UThpS0Lsg1X5PLxQr0IAAAGcakNl6AoAAAH2AQBvbm9fdHhuX2JpZDEgICBvbm9fdHhuX2ltcDIgICAR1Hp3/clv1c_ek-YxPHXLcTWDaXjaOdxIFszcdQZt8JGSEtAcMrsjcmkeNGLIPEL45ukxWp7zYRiu_kFKDgiRXvZ1m__yuORD-OFSNFOHi8HP2Vuh2xQtc8eTTEtKqbvAbjBkjTwrn8hZ7hbumEtSiUIezxvni4xOQtG7bwdkHGKUsT6t7Ki0qDP8StcmcF4Z5Q4w4tkRH5EFzOal3JICMWJ1uvuvZDsOqrZqlc7UU-_kctjOlUx8Xi9ZkTrpJXUnP_GiZBBlMQOtnpu84tRpU44dfY_bCKKebBq9GtndJK_7iA4dslIXBA8Ql-wuewz_ESA2XRq1mDXAicK_xyGORgG3XHC8MhrL21LmvkEASFgF_MoNggiVQsKRhI3XA5g-vedlLsNJHCGmoAXKFvDPcY53o7P6ZTYmbm3Y1IBaQS33737FjYAdoLW7IPCdhqAUKrKY50QXvAtnZh8PybSZuE04eepUPP_xqECB2HTXt62NHExkKwzH-ZKudH6Uo3aLoOG-wfomQi1q-il9v9QZF6btrC3BloG_2kAFGrXhpBT8KmldP9wn2T5S3Lk4uXevSTsqqWQ7SjaOtP7pvci8DzF3HPsKaXcnQhDdA0Cd_WbK0J339YIrGqQk-vkQw5LE-qhx44PcYjEJAsvjjOsGQNUtcgTv3vt3kPLvu1ene4VFCJqEqs33uYGIPMyar0fYU8abE6yk44UCpxRD4KDvLxB_2NMWAa7QaUB7_y_YgCBgt74LaeTN3FOzS6FDgeRuH5Fg9QX-CzwSiq9BNBHcTrrZG3cFYyVbVQbipOqP3t0-Y9CgZX_25FOBm5pVV1KVVNuw-KESpeVxrSSB-QQYf6az2el1hxNBZopw4m38QU9VE0-q74CzfQnU4QzpggUs0Z24zN58EUsJ5eDtv709UjBhkrcYfOnXuhQXOFWxfifIAvJQn5E28o0Y52stsHJx-m3_1QRH_bWaxmRjFz9Xi7WVLand6eX8mItAxGtOZjpBo5nB1J0leH_CfShggqhwECJgqiTh4dt0EOxkMlq5GP65EXk_0JJo155GIVHJrZb6z7MIzJsCyiak9fG4xNSO_yO6__LOk2-lWRSiyXugQJ0llM7LpUJNh3_4gKzrsQ-re1zhXyknAPXjC_NcZ2RXTjzXUnu0QAcXe89VgutVGqfPS-mbgghNWBrHbDcL18WHeK4YKOB5iRkpE0G3Bcskfh4159yksVYKG3mF4bpFkaAQYyWCq58fXSRFjKlsUBiWNYfGAQIf3nuV-Uccic43tDvEvcCc7D_XC3y8EZGpM2IZuey6P5hkcRXvfTuDnf-Hi4th5FAhIRN4DPfl6cki-hhEwat6E6TRQGphNIzR3WzZJY26Z0aCvqPfZhhHJMtBXedhhLn17sPIRqhiKyqwt8Ha243wTKQ3Ll0yEOSL-FbK0Su7aIb6kpNkSKwzMd5S0Sm0Ftv2cfTEKH0A8lJVQ8if20Y0_C4AS1PF25hGCxWvLnLQF8_70Lt71ev1rt_H_VLhcKvdeC1F7b4Druce2sMnb4gxGmit6NpyHGLrCx9ZKsyIelJm8X_rUuZ_xgP_LtgpnquNCFnQM2i54uLyFOt7TsVG3XkoJjIEL3816_IpLXdFcCGdU9baONNyi-fTzRLYEQY6spB_dN9iNAOx4c9G7VSELKx03sUxsVVrDorFT-HG8A/https://www.amazon.in/Multiplication-Interactive-Activity-Colorful-Education/dp/B0G26V17NK/ref=sxbs_sbv_search_btf
"realme 15X 5G Smartphone 8GB RAM 128GB ROM, 6.8 inch 144Hz Display, 7000 0mAh Battery, 60W Fast Charging IP69 Pro Waterproof Dimensity 6300 6nm Octa-core chipset Processor (Maroon Red)",17740.0,4.2,190,11.0,realme,https://www.amazon.in/realme-15X-Smartphone-Waterproof-Dimensity/dp/B0FX3VKP8X/ref=sr_1_20
"Redmi Note 11T 5G (Aquamarine Blue, 8GB RAM, 128GB ROM)| Dimensity 810 5G | 33W Pro Fast Charging | Charger included | Additional Exchange Offers| Get 2 months of YouTube Premium free!",19999.0,4.1,2494,13.0,Redmi,https://www.amazon.in/Redmi-Note-11T-5G-Aquamarine/dp/B09LJ1BF8Q/ref=sr_1_40
"realme 15T 5G Smartphone 7000mAh Battery 6.57 inch 120Hz AMOLED Display 128GB ROM 8GB RAM 60W Fast Charge, IP69 Water Resistance Support Fingerprint GPS Bluetooth Dual Stereo Speakers (Suit Titanium)",19399.0,4.2,182,16.0,realme,https://www.amazon.in/realme-Smartphone-Resistance-Fingerprint-Bluetooth/dp/B0BH9CRDCZ/ref=sr_1_6
Slide and Learn Multiplication Book for Kids | Interactive Pull Tab Activity | Colorful Times Tables 1 to 10 | Math Practice Book | Fun Learning for Early Education,849.0,4.8,5,58.0,,https://aax-eu-zaz.amazon.in/x/c/JGYgwM-XM_V_Juvn4p9zUz4AAAGcakOKHAoAAAH2AQBvbm9fdHhuX2JpZDEgICBvbm9fdHhuX2ltcDIgICD2ocWi/clv1c_ek-wBPHXEsTWniFPYhsAb2gzhEiX4nLDbVSoDmDw3WVz99BbDWrIzEFQl94RFx5JVNnob_MLcwq7Icvcw_-ZjyPz3iUBeHRT5SDhImMz6pSH6ZX6fLzZ1c8bSPhtsFJRFpgy-kDMaA7dZfLgMLIVRbt64EzclUGC8sTzUza_7tq_6eqZE8dL-uIt-QbgGJqI4MI5R3kln4XM3sahryjXIusecJUNRU-_hx3G4I0OV5_RVDe6aw06Y1zXKdIN4C4q9CI-54voUxk-IUQrjTFZZ0Q5LWg8zjQ32j196kArYRi8acIJjIFS2gWQ1WEdEitFySoP_d9QgAFrzNq1qVzXukpsZj7Fmz5Vb6kCOAliJHsSonzRanBWQ0Ifx-NizICgmab03kW7W8JsU1IiEMY0qboaUxfx2WIYeu7fPnrg0P5vuqUiHqz8rTXEO3BVvMwM2YHtU9PsjyFgi-W_k5XxJgWj7XFN458DRls5Be0cf5gGOqMaKxWF_Ju97nSlmmngQsFnu9RaCMHv9edFElGeGXGcVIN5TcnUiJaNH35zUDjpwedZRkaNs5UY3yvxowNa35rYbQ0sOzd5FT3dIUJjWGoV665NtHQ6IugNlcrqGdzQdKNow_UszwniyWRFpwQE8RdDSbddE_bDTfcodgz1RSs35x3PtLf6pmQhAhUbwHbaTe6AqIMB5-W8iqoGYr-hNFTx5Ry7Ni9oQrVpDNmYXgLFHRS9UpwCtrZ4gkDIA0D_yhlm7-tIBOc4CZpvs3rRoQ8WGD_FmbcO-ohJ49EYw3_MBUA10XWY77SmDIDOIW80f_96ZVg1uMvBdrLqR2oxrpe_aIp1yFLyZ1la2TzPG-pK4vSxwZ4Fe-kMT4gkkROfMqN4Q_QIYwNPfDZjq06MchqHwW5w4KJ3sT1jolnGSruPdUISdsm5blw2BgrULq3XRCivvbAajt1_jt_oKB3DORniiAsulMe_ntyIg8kaka4bhSYe182GB26IZhSbHiGfaBw7IgNnP7PpKRCZWH96yd4Q3vWzy4hYOYgZBV2CIpXBSvJ5PxVDE93JDiGzMcYm_tCrYPAWM-PMehjMXjQ7BhHe7Zq5OgQ3roTGoovB1bP-DKP-1aUcTbmQnu-yyJ_DYhvmbK1-B_W_CUPUfbACcjgNg-1FJz5w9Ce9u372ADmnV3N54B6gQAfBqx6UiJF5H-HAPiOV1JNk_Lg4-MkhnqqLvWML2nnk52j7bFFNLXbeLImN205GN0TjmDdMkHkOB_4es-2VL6H2Ad9_qK16feYrzdg2AUA3wNDqwwiTTl9nL0Jd5LueTpkSZRuOmNOUyXCu1ZYsu0kRKj5MCTMpEg0yTWJ3b7ltQMWcgM_lROGKD8UTqTZDhqlHGAyaZyfhrBd0BVVDh1-m1SfVxAHDadU3DtqwWPVwNMHawoerVbHgywCYE4cu6oH5qTjo3rZehugHS5IcATrasaf8SeDuv-co5HshpgipcTrYUJYLOxP3g6wf__QEgeZtD3nW5PcTJ-MUZB-NIUnkV8a4F0BzTNpY5ZgYg6pFZ7S7r8wjBeyX4-JTuvpN9H0_4bsl_DGDiOCkFBL62FHQz2enoLeDF8l0sHtydUyCeHe9uw2zFpWS8uq_ZaE4UFPqDrGYCQvCvIFbeNxehIjMN-TpsBPWfYHyDZAjZNa9hhdKV-Tl1uxMkxY/https://www.amazon.in/Multiplication-Interactive-Activity-Colorful-Education/dp/B0G26V17NK/ref=sxbs_sbv_search_btf
Slide and Learn Multiplication Book for Kids | Interactive Pull Tab Activity | Colorful Times Tables 1 to 10 | Math Practice Book | Fun Learning for Early Education,849.0,4.8,5,58.0,,https://aax-eu-zaz.amazon.in/x/c/JDkyhYxxvtSjoEEFaaCCVY4AAAGcakMz7woAAAH2AQBvbm9fdHhuX2JpZDIgICBvbm9fdHhuX2ltcDEgICCKzZUX/clv1c_ek-wBIHXErbWznynI5drJ16WdB1VqvTFgcIpJsri3iuEsTiD06ebsucrdQ1Fo1aOTExnu9UqYzH_TmG5kE-J_y_DUPE1YQaV37ToAz4dK9s5hDBn2_iAbKK5it9QvnKw1hVh6aydD3WZB5TGXMNfm0q97pyck2VqE8b0Hz2gyF5fO2kcDdbZhMLRTSAq0DgnFnSvWAmFgajrFWT9rFJY9z47fMWtoIaWNC1tjIsyYqMAi5lob5HY8ceb2-Vnv4HHKMvrxzqZO9L4wKAXvl0jVYavoADNlX4RecZI2QpOp3Z-gXkLlZoe0qQ6HzOp_OcWNN4N8d9AK0gBWXHC8ApL92pLdjoQXZ5gZQNQvQ2399nqxqP2ssFp3wCq2o0CCXhPaVIZuUe9DAmkoGgfTnzd48Fffv_a6Wb3tjV-h91akfqdOwodd9Pe2_WSTOdhhS4JIqUxS5oJpeCLiuJTmIaTP_5KgclNqgCouJn1vdzzh1XSjqgbYYVRt9p9zyCDd5Txt2X51AY443ywuGMQnHs1Tykq_Geemgz-XpW7t87Ye5zg8eK0NyEiBprXqE_s1dl9s8uqSGiSuQg2RtvI0TWCM102OR-q4OizitLzdWt92Hrtve5TpZj8HP0CNKmdgMwayLhbNWl0pX_rycIYsBWKBkZau1-uuJqy6YnDBVAHT23djPIIRXOSZQooCGXo-akk0kttZWAlnCtroHfpFKyVcgYcF6T9PYGTdEOCM2IvBlqqoDTrsbbINOmmknvGMkPQxFrIW5PDRhMpr15CW3QCi0ZQ_ZWB_deNxyQnavoBcdOa3CoxB7H1dLNnxzeYIVdH_rL2Pzdeq9aZiwIbkYJ2KW3jYLFYXPj0KNylzefOK18d7ZuIqm2hRovZ0cU5SUoybUYsaDoSK4dCsVajov9MQcPYt2SR882VPpAdex4HQhoc3iywDclhPaSbcGF6e4z6FHPjno31fND7yCjMKgx_e1IkjyWGsT8PVKYbGWOHCZ0zafJvrqNsQh6q7wW9MHOEqt3lTcr5qJ5hxqGYyROGbQ7MYzsi_6Al-UijgqLsTeeZqLM0h-fVjWN2Q1lgrEf1SnFPNFuxrMQWWcrSuraIvDflnK8mTtY1ZLKP-3qX0yNt0IgmBAgtbohEamuJWfv2_adCBvh-Hvi1HKXtcmonsgiKsNHzL08ZZvo83beoI0KFO3FGwxAEEFdv3JSgMYbtYv-jraqaXViIaDEWtkrT472v01aMshJS3f1Dla3sh8LAayW0rejo9Ur-I9Ccy8x3pe2vmknsE6E0EbJIUvli4rk8eAy3gljaE7YmG1tjZuH4BoIpEqy_c_SnFSk1CymyYlKlLrBflzr067Ql9lqZL0dsO96_ABL3CwZRc_1mz1HPcI1EopKCzg2EEI2p1-tQ4-DROqpE-o5aAp5mEnqT52ZqIJ-IJ2IZIUoqz_bU6ly16mQOVik_aFRQEiHNqYm2BcPW2GeyU8nYwcfbb-HBjMVBNV8Xj-8nhsHSmzAvdMz_dW0a5UaUYIk1ZmrUbAQQyLm_nHVwtY3TlXCGoYobGs3oSM4dzRhlqX494ysJDQknt0fWNkVFaHlnllQcajQxBjnlcTMXSwql3uxrn5zdQZsy8A3PV7dYCM63xALGvFECqtxNcg12Y5q1YBrQstIs6PNUdXVZ804_cXh_HXE72co_HFPugVtr/https://www.amazon.in/Multiplication-Interactive-Activity-Colorful-Education/dp/B0G26V17NK/ref=sxbs_sbv_search_btf
Slide and Learn Multiplication Book for Kids | Interactive Pull Tab Activity | Colorful Times Tables 1 to 10 | Math Practice Book | Fun Learning for Early Education,849.0,4.8,5,58.0,,https://aax-eu-zaz.amazon.in/x/c/JHOAQ72BcG5YuIzSSplEgBsAAAGcakOWFwoAAAH2AQBvbm9fdHhuX2JpZDEgICBvbm9fdHhuX2ltcDIgICD5hiQC/clv1c_ek-wBIHXFcbWDn2nI5drJ16WdB1VqvSN8uCNM0HCl38HKuv-JqG3pkPc6iO7e0BW_-WiJeN9ZpjoyOwCTokVPYb6AO33Ns93_qJkBtnVntRVD5btOdXvYV_ZoP580trh2y4Sdv_UCVLkPUbsRmxC8VrZkh0clVDiMtGUP4cqiIEdXyd1jQMJrQV_cLhGQPCeYcTp80E_77doF4K8tlJGf63wN6-XrFQ3fC7vo2jIVs1tixkuKLeilD3JjAwCb55G1t6rt7qhjMNrkgfX7MgkdpnCtNJMlM7OaoQ0oyIuqbv_3MrTFWZV8nTLu0COU8mkI5m4jLwlNCUDK0sHWjeG__hwgcKs0CTQVrDTt4NFGTv9EuBW0Gq9YaBFgNoiBI6A6NAsM_BRfxSc3gVZzYr7MOsdgC3dmGjY7tv2z4BdTkHxTGCUYCMbdGSmj-3Gjzhqz5kbz4rVCbM5vtIv-9JRPfJcqTg4R6-2lnOEXiPA2T48D44aPA4zzXV6FgbV7vl0Gr3hN_U4iCcvMu-ec6bHRYmbpqBcvAOhixFuYYSM4b_aLGCNFtR--bVuP5kKKm3H-SDIbxgWBQwJbDkBz0ypGlmfMrKQyZWdqAW7iWNs715CZ_B2zbvWuAWzpae5dqGg-dF4Z55xQjEFWUmdO8w4HDPAUfl0GRbP4Z1eDj4fiSccKql7q5n-FfJEbyN_u8k8f5G_sNdEum6fHS4J0Y0aWSLAz5W1SOHD8B1DLmMBgRHefly_Jrv_8gkthRbCsJggyMXJ53uNHBlz6wxGJJ72KsMZ3ayx2zd3da0NuJWlEJgHXb7XZnJWEdh5kMX5dogjWTJUlKN0629Sv6pcS6xe0PaGhxM63onAZ799Qx4e1LGyB86XdLXJeYX8ri3ZtBZDpDWJrx0VmoIeobdpV6_VK11mRahQsVEqxUfGcvAU2AKdpsp_io54FPSf01-AksyZV_veVLeVrfBiyLwDf4Jwb1Hq-w5Ygd75ExJj1Wc0EkvoWxB0M5R90E5KW204gQGQNrIog6gp_afUx9KxwT-YalT1852cMtJzwCZoMgwFHHmmxswX1HRE-ZvGcQPdrAEqvfzyLWXTXJYrB2WsAWZ2oJZlzw9OtAYH3GZiGQ4AZi9w81bDStEGgr2pAFQc9mzR3MtWBZWZsdV6ZUOuQHsrnx_CQXNf-0qkdttglrPhBaBHIU8h5tFxKI8N4ge_la18_vjlYR5FMdnQt_s-v1EZorJdzYCc0BzipcezpTZZ7k1hb71WA2dRjHIEKayq_AjI_796uRM1DF7Q7XThgssL-VD4_XTretmRrDEF3-9aJsyjeGrDwnweRsc1CjLs1GAT1Tm4le-OIWhHJoC9VodGqitVPII_yO4MpFAEDrTELfGAGeEp_egsGg4MKkRfLtPjBcCBdmqmuX5LR1ehMFbrDarO8GQNsXTOjMS3NqA-EzDS-Ot9i1s_cZvYH4M2-yJe-lvOASFoivr2tJKShXEWw1Da08By9z4-kBaLG_NTAQ9hfzJCu9NCx43oivwgQY-4iFASEtMG-GDtL61ZkjEwyao1RZmw8r2AItwEzkTPIpl2B89CtqEQqLe4egxHPw81_1CY_FVT9IKiuhppypHlXKN9qPEMlJGl2vr2UOWWeVgUcYALot85CoP_AJqQ0-jf3B29oX64AoAwRhQuhAolFM3jbw/https://www.amazon.in/Multiplication-Interactive-Activity-Colorful-Education/dp/B0G26V17NK/ref=sxbs_sbv_search_btf
Slide and Learn Multiplication Book for Kids | Interactive Pull Tab Activity | Colorful Times Tables 1 to 10 | Math Practice Book | Fun Learning for Early Education,849.0,4.8,5,58.0,,https://aax-eu-zaz.amazon.in/x/c/JJ9PJ15O7DTi4TdcACASgtIAAAGcakO6YQoAAAH2AQBvbm9fdHhuX2JpZDEgICBvbm9fdHhuX2ltcDIgICCryucP/clv1c_ek-YBPHXEsTWniFPYhsAb2gzhEiX4nLDbTSCBGDw3VbzjtBNDaqeY30rYuLAfUY56K0kTz2r1ghh3e_l8GUo7z_DEGkvtn-I-WlJRJv9wEgGSQnIJ7QV3B01YvN_loJRF8wmhQhJexwhqwdZt90QWvJwqPTEVlXkjtSwGeeKDYMJRAPFbqDH4_4Flpib5XkK28dZlGGDegzNw8BFh4hns22Fq3J2jkKsviQE-GSLOrrgvzo0Rl4WidnYStCJ3Sin2bgfPCi6F4D0uG-QqZ4b5FlznLqH4NMV2BK1JimytJ4c0KtkYCNH6T7uFXAY8vxGAyVB3qEHe-ZjvfsvfEZ6rLjMizKzWxuBmlF3LMZl3Zp3PxFkRVPvLT5OuBwgMVJ4x9gpEbt2tM0WSOsPrFXsdGwnAiHpqAfDwEss7rm1OsxUBEVAGCoBm1vkSt4Ruvi0cNl9ghfvjWJgDaQP6EDenWw9hqLG4g9wTX11POBVaTpaS9J-ECJJJoUOEFiNwhwERWKjHy1SOF2n53OwXHBHje9GChhfgzHDUzWLRUblq5brIHwFBq4U_HQb9lDZipS3xdaMKz6lG4Ng5q5ZeWMSotlebdo4EiBZVrOxnu92axq9rmekIVRgaimcBsaJ5zJqIQ1LFijvB_gGOLkzpbiQj2ynysMccebJetBTxGXPUz2S-6r54cKqatmwoeVILOD3OISmQG1N8JNIzMdrCcT7eoQ5quSxfREmPaf-9_Zcr0EqYBbKYsOCGNZ2gzBs9dG3a3GKDW_wiOp5GEj814z24DrqSVbgLk7kwXx-EcjEsMvy56MmVvXKcdJwkkWfgYFk5ocC_N5j1Oy9yhAD6n2jw4I1qJR2MHkmahcLqkcRthwfYC6c6eIH0aCDN-p5xuDjYAh9X1CA0OOrlkL0mtTQ2brdpw83V68QAKGp1WhHBITmDJBVwb50-opgF6eLvx1efvng831Wq-_wGlOzbfF2rMb9V5hrVOV23lRG8AGWSUvzua6cLDZprMOaj1rL-0dZoWj9sjTHhJPW9f8yZ_bCGIzcPLCQB-RzpUrkMio71XUeUjNJAvsui5ZRtMVTkCB0QOgoCIr2RaplAofjlWtZjjs8QCnsv1miZg50gIEfFPtIj-D8uAsaUmpfysbXiUP1gB4GgzCpISDijae7MXTZQAegdJLFLIZ1PSNlpCcFTjs0DXAFFlFY98i8_toxH59npTGo-WNwI41PEEElu3AVNMkWrH_r5pHqAzmyoQwMpYFXX-GGuzpQtpPiERRsewvJjC_kPC5MHuSMUC1GDamKJyhqP2aBCfJQUH8Af6wqhaCHyulFvFrsNogUGr8UeaLKTd2eWcDd97saEV7BMvY6tmindnikjk5hIov2E6dxomRU65eaJTH8OWwWrMbnTp-QELENrAoNYD3RwM6xLH-LIwdEk0pnuq2HTpD1O9AS1rbQ897eyz0AKWrY4UI0eN1Z1tTKvesGPXlurLNMXWsRrFgJrmcXtq_zoHVExxva4rj-1H-OXcZkbyXJyyMiqXSOjxD2SDJIHb_1bMd4hlyES22-JlFb5afGgLZnsqlYRtDqG9jqZkMWdbyctDGtmtVnI1KKOfW70QxsVXVoBINMs7NV0pfcjPz8lIS8PNi6FuOp2NErtbRKd6Bm78_2rFDVgePx-cPYVXDv47msEZyllcwSEjc/https://www.amazon.in/Multiplication-Interactive-Activity-Colorful-Education/dp/B0G26V17NK/ref=sxbs_sbv_search_btf
REDMI 15C 5G Dusk Purple 6GB + 128GB | Royale Design | Massive 6000mAh Battery | Segment's Largest 17.53cm Display Up to 120Hz | MediaTek Dimensity 6300 | 33W Fast Charging | 50MP AI Dual Camera,13999.0,4.2,263,13.0,Redmi,https://www.amazon.in/15C-Segments-MediaTek-Dimensity-Charging/dp/B0G2B2QVLL/ref=sr_1_3
"realme 15 Lite 5G Smartphone 8+128GB Elect Purple,120Hz OLED Display,5000mAh Battery,80W SuperVOOC,Dual 50MP 4K Cameras,Dimensity 7300 Energy 5G Chipset",15999.0,,0,24.0,realme,https://www.amazon.in/realme-Smartphone-Display-SuperVOOC-Dimensity/dp/B0FR2BBVKK/ref=sr_1_31
"realme 15X 5G Smartphone 8GB RAM 128GB ROM, 6.8 inch 144Hz Display, 7000 0mAh Battery, 60W Fast Charging IP69 Pro Waterproof Dimensity 6300 6nm Octa-core chipset Processor (Maroon Red)",17740.0,4.2,190,11.0,realme,https://www.amazon.in/realme-15X-Smartphone-Waterproof-Dimensity/dp/B0FX3VKP8X/ref=sr_1_19
"iQOO Z9 5G (Graphene Blue, 8GB RAM, 128GB Storage)",19499.0,4.3,2012,22.0,iQOO,https://www.amazon.in/iQOO-Graphene-Dimensity-Processor-Brightness/dp/B07WFPL2VW/ref=sr_1_30
Redmi 15 5G Frosted White 8GB + 128GB | Segment's Largest 7000mAhA Battery | Segment's Largest Display 17.53cm(6.9) Up to 144Hz | Snapdragon 6s Gen 3 | 18W Reverse Charging | 50MP AI Dual Camera,16999.0,4.1,1343,6.0,Redmi,https://www.amazon.in/Redmi-15-5G-Segments-Snapdragon/dp/B0FJFTMG59/ref=sr_1_4
"Realme P3 Pro 5G (Saturn Brown, 8GB RAM, 128GB Storage) | Snapdragon 7s Gen 3 | AMOLED Display | Dual Nano-SIM | 6000mAh Battery",21690.0,4.4,8,,realme,https://www.amazon.in/P3-Pro-Storage-Snapdragon-Nano-SIM/dp/B0DYF22HNB/ref=sr_1_42
Slide and Learn Multiplication Book for Kids | Interactive Pull Tab Activity | Colorful Times Tables 1 to 10 | Math Practice Book | Fun Learning for Early Education,849.0,4.8,5,58.0,,https://aax-eu-zaz.amazon.in/x/c/JN-wtgUv9UVoX3WzaPIXsgwAAAGcakPSwAoAAAH2AQBvbm9fdHhuX2JpZDEgICBvbm9fdHhuX2ltcDIgICA5QVXC/clv1c_ek-YBPfXYsTaBrf7A0nA2qtahpQiFJ4n2nUOc-BrrrZptxyj1Akyn2aQUkPKBgoMi1o9FOL1S-S9k8dAQnLUaNAOI0Iu-ExKEB1LJAj4004uTwloECwJsI1y7MuMJjEz2sTh8Uoyb302FQGzhoGw4cKZqNMUVtTqtpTJ3Sd6TcEYT2kV3w0MaNUZ5iPIDfgnd_QaksjuT8bP197J_-GgcW4aM1cdBTriwJ_QwJuuRQTs0Bb9lxfU5YXceGRbSpC238poeuEPhgR_PjGLLzUdclWq24QFXBiKo3StKleqfJ6U8rsQBxJ7aPqNECBta5S_BXXlR8s9rH8-yqE7tCitYsynPLJyNQadOZZXI8Xl1R7nOJR8RUprXPl2Xy0CmKtTLY8Q8CNYJJ7Prpr-2SqeVeAHggizUWFY4mXeDsQ83ymFEPqUvoikNcAhs1qVfv5fxdStzZNu1y7oNeyz5TEKbe8bq2dbnYZGyZJRH8ci3S7F9N9F_JYpnl2Ha2ZzcB1WRuWOCaXBuk_jBLRwO06rBgIGunaNCRBhYcdFW8X1AhKDmJgR5nYn3FzyExUbzwMpU1oHFAtRWMrxFxdWmWz5HHLzlpkNVHS_5xL1eZuB_XXiXsJqoswK4zk7Kd6pAmhO6NFOAuv5HNAQWFaraaaAQYQkLIw0ORBDjNo6qK67DfBQEj0fXEQu_puW09RvcpOr9MG3VilZYZ7kA2ZOxwqaeTy1vt2wud1cREtmvC3HNlsAr2UQdn_5EQcu4p8t-oGaRHgcPHeSbNvi0U6_pNE3D5DG-vNv42xsAJ-69ZVfbDxirAshuipdD4IgdVi-FEgZ6OHglw-NUNemCH_rVUnaFwRGdhYu_eqCYze6HyiySdqRbPJJoxbh4UN8JUrwu5UTuRS7V_1OSAyr3WTeXaMTDDJNz0InkGRyrtScOySDfYvYvsqELNtfNKqJrgv6LOcsXDCHlDV6bN-w-wTGp2xLJsHOxfAF4p2Vi1IIx-lf-UG8qtvdAhH0KWGFcAfb8J2S93CcEqYj_Qhxu_VN0umqrzsmeE94kRAr3Z8DMkGbEtZ7hCe9heZ0MbRfD3pxlAWuuYOfAUooe6jj0xJrldNpUMUB4_gINKB_GzF3WJJo-8RZomW_C4iQDfF2uBzl5FIRDwW1QcJGjugU0xxUaatbKX9fF0ot3wJztg4eH-PG68IdHTBtLEyZ7ZpJeYpCI2l_9qEpVdotHEZmsqEfAVkfKjbtBA9hnklIo7uDpWmZeGPQaESsWEJfs-EnWhVv03pESEzQhok15H_aapNSoF_a6wCyj3CE_9dhIW4deDbXnvxzH_j6yQpXL4sv-oN9ltk_XxDY2cGAamaeQ6jI48lR0vuepjvvq1mR9b93nYeOdbp3GuEahzSzdJDzgNNTnzqMA1fN4HrNPPGAvFBKozVZS8BxdDmY9X08ETqX1jj2MXLE-h2P4WDhoeJ3b87zyxlmKkA8LKYdavTcSqhignTiaYOquUIyo2ntXy4blhTR-_A2fGm4DHa_U29NNIZsQ-c2fIFhT_D-BlFiXx8_oo2glDtXDVz93-B-zKID_QPvVlYv_3IXn-5wWemCmFraoG7eMjA6Cav76KB0cnjYJ2kYIT9md7KWXt5kDk5dYFM4WsYPyfCXcr28EzHzLW4kSUjtSX0GkADjWgNA9gh8nQ/https://www.amazon.in/Multiplication-Interactive-Activity-Colorful-Education/dp/B0G26V17NK/ref=sxbs_sbv_search_btf
"realme NARZO 80 Lite 5G (Onyx Black, 6GB+128GB) | 6000mAh Long-Lasting Battery | MediaTek Dimensity 6300 5G | AI Assist | IP64 Rated Water & Dust Resistance | Military-Grade Durability",12499.0,4.2,3403,17.0,realme,https://www.amazon.in/realme-Long-Lasting-Resistance-Military-Grade-Durability/dp/B0F9TS623W/ref=sr_1_5
"realme NARZO 90x 5G (Maroon Red, 8GB+128GB) | 7000mAh + 60W Biggest Battery & Fastest Charging in The Segment* | 144Hz Bright Display | Sony 50MP AI Rear Camera | AI Assist | 400% Ultra Boom Speaker",16999.0,4.3,454,6.0,realme,https://www.amazon.in/realme-7000mAh-Biggest-Battery-Charging/dp/B0GK8NLC3K/ref=sr_1_18
"Samsung Galaxy M15 5G (Blue Topaz,6GB RAM,128GB Storage)| 50MP Triple Cam| 6000mAh Battery| MediaTek Dimensity 6100+| 4 Gen. OS Upgrade & 5 Year Security Update| Super AMOLED Display| Without Charger",16999.0,4.1,3010,23.0,Samsung,https://www.amazon.in/Samsung-Storage-MediaTek-Dimensity-Security/dp/B0CYQ2LZC9/ref=sr_1_41
Slide and Learn Multiplication Book for Kids | Interactive Pull Tab Activity | Colorful Times Tables 1 to 10 | Math Practice Book | Fun Learning for Early Education,849.0,4.8,5,58.0,,https://aax-eu-zaz.amazon.in/x/c/JLy3sElsgPBxuY1TYAFgqhsAAAGcakNOKwoAAAH2AQBvbm9fdHhuX2JpZDMgICBvbm9fdHhuX2ltcDEgICCUZ2Hk/clv1c_ek-wBPHXLcTWXmxht8n2s_sg7bTDMmMcNUnyJfNhGxuOGE1dCjrNObxwtT-5T6R0nYK_cPMLcwL_H8Xck0gJrif7XLr8Evu4wJIEFuBOkdea0wApIov1lfSTgmJxr0gRt1ueKS1D9DstTHpVil83izmLU3GYiwVKE8X8vyGAyN5fOGkUHeaZ4kAF4V9S9_IqXhSUhDIi31SsPfSd9s2dsGuNm_oXAFvS4PpENgGOF5_BUneqb4w6Q1QIDcfgvfdyCeArt25V6pvJ-3zo40uO1eMPi6mqEM3qKNuGBVsQmRkvSF2wtXqDArAnQ2UxwcLsjETPpcMgohFt7DKIqx2Xqg5MdjqEmzYvUR0Vk-5OCTvfiOgpt1itYtdUgNYLJ-1diLpYeeT60lNGzTHToV2XdGo7YkZYMAu32d3bajZ-aQ7X9IPDdtqAUIITY90whNT7A5PYOXZbaQX-c8HDZUHeXxbWgy5wJaGn3IKv3E_V7lZrEpHLy2AEdKNMnmThT-sl6qyFx_MSquM6HofJ8WspkmZo3-mVvYuuqo9OdumKd7Tn__0be1Ay_0ZMb6Tw1pWNobbt3vS_lhjBCfwJ_xEHUyIlBBKm6m06_sA0FHeBOkdPdc3Mdu-24wHQCLdF6bzZ8Bz73dOOXk9nLerYBp-OEUve-si-53VslkihTtoLk13r6-TUYzKiqX8YPqrMGjR7lGYGOwyrPo_6AokxmAsZHGR2X5_ZuwGUqURqwMFBHEO5YXJVtr7NqwYyoAlIM58Z6AGwRSKMZ60MWVTVw5BKhTpQ_ZGBpfWNxzwnavJB8Yhquz15-h2tqYJBRn9VhWmewpy_tWEaMJQrBlQIbvZAFOo4R7JzlifZAy1I-R5pA7C6GoeLTCyhRovY3ePaH21DoY4DfJVVROULk1EL53bMJqHb3rrRXjhTIGo4siqosuSANyn2iWYIrmW-WdD9bPO1rRHFIVt1FzH-sLdbidnzZx4hzctaYj3LvEnlSGYhY6zXATqH5QgJEq8QtQncQGaMG3j-PVj2L6nZCk-_SSXaGGo5zPAIAeqRbxVA4ewiBP6elwsMbEBAt-6jBUGh5RIRa_e4NaHohOKYrlIQ1tNYUn1IGDNTVSMtIKntBWKjlKD_ONU9OlOVL_P87cuKWfz23aBC4uBmK1zWmCqeIVDrfZrCBUISbKntE8o83beoP0KDu_MPhBnTjnjtaIazHZOp-iowLh9X7kCeg8FlPVJhNEVzIQGsuQkxS1b57D7dgkmbRsziVidB2C0QtddMSgEdJSIrFNDsbETHzcedvxqXAMziQ_U6PtD4qv3WHd4CaZQ9SZiaC9lK-sZXKdu_tFrmJwk5yGFshgO5iNn1oUeGaTQU0aKvsAnErgQNkXm7uxJpR6Zrtr_ha89YWgA2zg2xN02LWEHbZMv4JRIxS4GMfYeMt-jvmmYRj0DpYhXvttyuOj_JhcMm6OE8Wap2pNLD4FuJFSQDj0COJBo02qEMi3GZ7XLjz7tIO4mPqOUrOXloEQJOtB0u72pswyeEFOSNHZ-0Y9UW2IhfkDcn_xKOcLX6WakFOlVFwPdG6V8zwV6rwuOo0ulgWJiRjXe3XLubXmXzpyfIVMZj3bfKicXvtcc596PPZPRImWkDFAhRcUXoEAgHQJg8FK1NtHoxVB3aGVfzbOckPs_LpkxHkSpEvWUINTw/https://www.amazon.in/Multiplication-Interactive-Activity-Colorful-Education/dp/B0G26V17NK/ref=sxbs_sbv_search_btf
"MI 10i 5G (Atlantic Blue, 8GB RAM, 128GB Storage) - 108MP Quad Camera | Snapdragon 750G Processor | Extra INR 1,000 Off Through Coupons",23999.0,4.2,36009,14.0,Brand: MI,https://www.amazon.in/Mi-10i-Atlantic-Snapdragon-Processor/dp/B089MTFHZQ/ref=sr_1_35
"Redmi Note 10S (Deep Sea Blue, 8GB RAM,128 GB Storage) - Super Amoled Display | 64 MP Quad Camera | 33W Charger Included",17999.0,4.1,1151,14.0,Redmi,https://www.amazon.in/Redmi-Note-10S-Deep-Storage/dp/B09MKPTK2Y/ref=sr_1_39
